<?xml version="1.0" encoding="UTF-8"?>

<web-app xmlns="http://xmlns.jcp.org/xml/ns/javaee"
         xmlns:xsi="http://www.w3.org/2001/XMLSchema-instance"
         xsi:schemaLocation="http://xmlns.jcp.org/xml/ns/javaee http://xmlns.jcp.org/xml/ns/javaee/web-app_3_1.xsd"
         version="3.1">
    <session-config>
        <session-timeout>
            30
        </session-timeout>
    </session-config>
    <servlet>
        <servlet-name>ajaxServlet</servlet-name>
        <servlet-class>com.vnpay.common.ajaxServlet</servlet-class>
    </servlet>
    <servlet>
        <servlet-name>vnpayQuery</servlet-name>
        <servlet-class>com.vnpay.common.vnpayQuery</servlet-class>
    </servlet>
    <servlet>
        <servlet-name>vnpayRefund</servlet-name>
        <servlet-class>com.vnpay.common.vnpayRefund</servlet-class>
    </servlet>
    <servlet-mapping>
        <servlet-name>ajaxServlet</servlet-name>
        <url-pattern>/vnpayajax/*</url-pattern>
    </servlet-mapping>
    <servlet-mapping>
        <servlet-name>vnpayQuery</servlet-name>
        <url-pattern>/vnpayquery/*</url-pattern>
    </servlet-mapping>
    <servlet-mapping>
        <servlet-name>vnpayRefund</servlet-name>
        <url-pattern>/vnpayrefund/*</url-pattern>
    </servlet-mapping>
</web-app>
